reject_date,symbol,sector,close_at_reject,market_cap_cr,trade_quality,confidence,top_reasons,close_5d,return_5d_pct,close_10d,return_10d_pct,close_20d,return_20d_pct,measured_at,notes
2026-07-17,WELENT.NS,DIVERSIFIED,626.3,8674.0,76.2,72.89,SETUP_EDGE_SKIP(REGIME_CHOP_NO_BREAKOUT(TRANSITION/OTHER)),605.05,-3.39,,,,,2026-07-22T19:23:35,
2026-07-17,WANBURY.NS,DIVERSIFIED,332.2,1160.0,62.4,26.57,"CONF_FAIL(got 26.6, need 83) | TQ_FAIL(got 62.4, need 73) | RR_FAIL(got 1.58, need 2.0)",330.65,-0.47,,,,,2026-07-22T19:24:09,
2026-07-17,UNIMECH.NS,DIVERSIFIED,1282.8,6514.0,60.4,60.64,ROE_TOO_LOW(9.0%<10%),1235.8,-3.66,,,,,2026-07-22T19:23:51,
2026-07-17,TTKPRESTIG.NS,DIVERSIFIED,672.5,9215.0,57.8,76.14,ROE_TOO_LOW(9.0%<10%),657.1,-2.29,,,,,2026-07-22T19:23:34,
2026-07-17,TRIVENI.NS,DIVERSIFIED,472.15,10409.0,72.7,66.68,ROE_TOO_LOW(8.7%<10%),275.5,-41.65,,,,,2026-07-22T19:23:39,
2026-07-17,TIMETECHNO.NS,IT,204.03,10069.0,72.6,45.42,"CONF_FAIL(got 45.4, need 83) | TQ_FAIL(got 72.6, need 73) | RR_FAIL(got 1.44, need 2.0)",203.1,-0.46,,,,,2026-07-22T19:23:57,
2026-07-17,TFCILTD.NS,DIVERSIFIED,85.03,3937.0,63.1,65.93,ROE_TOO_LOW(9.9%<10%),81.81,-3.79,,,,,2026-07-22T19:23:41,
2026-07-17,TECHM.NS,IT,1572.9,154046.0,72.0,42.44,"CONF_FAIL(got 42.4, need 83) | TQ_FAIL(got 72.0, need 73) | RR_FAIL(got 1.44, need 2.0)",1560.6,-0.78,,,,,2026-07-22T19:24:01,
2026-07-17,TCIEXP.NS,DIVERSIFIED,580.4,2226.0,63.7,62.49000000000001,"CONF_FAIL(got 62.5, need 83) | TQ_FAIL(got 63.7, need 73) | RR_FAIL(got 1.43, need 2.0)",580.7,0.05,,,,,2026-07-22T19:23:48,
2026-07-17,TBZ.NS,DIVERSIFIED,258.13,1719.0,48.3,46.31,"CONF_FAIL(got 46.3, need 83) | TQ_FAIL(got 48.3, need 73) | RR_FAIL(got 1.94, need 2.0)",264.37,2.42,,,,,2026-07-22T19:23:55,
2026-07-17,TANLA.NS,DIVERSIFIED,584.55,7751.0,65.6,30.479999999999997,"CONF_FAIL(got 30.5, need 83) | TQ_FAIL(got 65.6, need 73) | RR_FAIL(got 1.42, need 2.0)",561.6,-3.93,,,,,2026-07-22T19:24:05,
2026-07-17,SUMICHEM.NS,DIVERSIFIED,538.55,26869.0,56.7,74.24,"CONF_FAIL(got 74.2, need 83) | TQ_FAIL(got 56.7, need 73) | RR_FAIL(got 1.45, need 2.0)",531.2,-1.36,,,,,2026-07-22T19:23:35,
2026-07-17,SUMEETINDS.NS,DIVERSIFIED,33.98,2357.0,62.5,62.89,"CONF_FAIL(got 62.9, need 83) | TQ_FAIL(got 62.5, need 73) | RR_FAIL(got 1.42, need 2.0)",31.87,-6.21,,,,,2026-07-22T19:23:47,
2026-07-17,SUDARSCHEM.NS,DIVERSIFIED,1037.65,8289.0,61.2,44.86,ROE_TOO_LOW(0.5%<10%),1030.4,-0.7,,,,,2026-07-22T19:23:57,
2026-07-17,STYL.NS,DIVERSIFIED,399.95,6467.0,53.2,32.96,"CONF_FAIL(got 33.0, need 83) | TQ_FAIL(got 53.2, need 73) | RR_FAIL(got 1.43, need 2.0)",389.25,-2.68,,,,,2026-07-22T19:24:04,
2026-07-17,STALLION.NS,DIVERSIFIED,214.76,0.0,57.7,29.560000000000002,ROE_TOO_LOW(8.9%<10%),250.63,16.7,,,,,2026-07-22T19:24:06,
2026-07-17,SSWL.NS,DIVERSIFIED,266.21,4187.0,70.2,70.68,"CONF_FAIL(got 70.7, need 83) | TQ_FAIL(got 70.2, need 73) | RR_FAIL(got 1.50, need 2.0)",279.69,5.06,,,,,2026-07-22T19:23:35,
2026-07-17,SPORTKING.NS,DIVERSIFIED,197.21,0.0,61.8,64.01,"CONF_FAIL(got 64.0, need 83) | TQ_FAIL(got 61.8, need 73) | RR_FAIL(got 1.40, need 2.0)",200.92,1.88,,,,,2026-07-22T19:23:44,
2026-07-17,SPMLINFRA.NS,INFRA,205.8,1733.0,63.1,63.870000000000005,ROE_TOO_LOW(8.7%<10%),201.53,-2.07,,,,,2026-07-22T19:23:46,
2026-07-17,SONACOMS.NS,AUTO_ANCILLARY,704.85,43974.0,74.9,46.26,"CONF_FAIL(got 46.3, need 83) | RR_FAIL(got 1.64, need 2.0) | SECTOR_RANK_TOO_LOW(rank=26>top6)",726.5,3.07,,,,,2026-07-22T19:23:56,
2026-07-17,SMCGLOBAL.NS,DIVERSIFIED,81.67,1709.0,66.5,52.71,"CONF_FAIL(got 52.7, need 83) | TQ_FAIL(got 66.5, need 73) | RR_FAIL(got 1.39, need 2.0)",79.79,-2.3,,,,,2026-07-22T19:23:53,
2026-07-17,SIGNPOST.NS,DIVERSIFIED,326.9,1751.0,53.4,67.49,"CONF_FAIL(got 67.5, need 83) | TQ_FAIL(got 53.4, need 73) | RR_FAIL(got 1.95, need 2.0)",292.45,-10.54,,,,,2026-07-22T19:23:39,
2026-07-17,SHREEJISPG.NS,DIVERSIFIED,596.3,9724.0,59.7,80.58,"CONF_FAIL(got 80.6, need 83) | TQ_FAIL(got 59.7, need 73) | RR_FAIL(got 1.43, need 2.0)",626.1,5.0,,,,,2026-07-22T19:23:34,
2026-07-17,SHANKARA.NS,DIVERSIFIED,139.65,339.0,65.4,0.0,BLACK_SWAN_NEWS,139.63,-0.01,,,,,2026-07-22T19:24:10,
2026-07-17,SANGAMIND.NS,DIVERSIFIED,636.95,3207.0,56.3,66.32000000000001,ROE_TOO_LOW(8.4%<10%),621.9,-2.36,,,,,2026-07-22T19:23:40,
2026-07-17,SAKSOFT.NS,IT,179.06,2374.0,71.3,30.085,"CONF_FAIL(got 30.1, need 83) | TQ_FAIL(got 71.3, need 73) | SECTOR_RANK_TOO_LOW(rank=7>top6)",169.03,-5.6,,,,,2026-07-22T19:24:06,
2026-07-17,SAKAR.NS,DIVERSIFIED,877.7,1953.0,65.3,63.19,ROE_TOO_LOW(10.0%<10%),837.25,-4.61,,,,,2026-07-22T19:23:47,
2026-07-17,ROLEXRINGS.NS,DIVERSIFIED,157.89,0.0,67.7,67.08,"CONF_FAIL(got 67.1, need 83) | TQ_FAIL(got 67.7, need 73) | RR_FAIL(got 1.43, need 2.0)",143.54,-9.09,,,,,2026-07-22T19:23:39,
2026-07-17,RELTD.NS,DIVERSIFIED,177.56,3537.0,69.3,61.0,SETUP_EDGE_SKIP(REGIME_CHOP_NO_BREAKOUT(TRANSITION/OTHER)),174.55,-1.7,,,,,2026-07-22T19:23:51,
2026-07-17,PREMIERPOL.NS,DIVERSIFIED,73.75,0.0,59.9,40.57,"CONF_FAIL(got 40.6, need 83) | TQ_FAIL(got 59.9, need 73) | RR_FAIL(got 1.88, need 2.0)",79.48,7.77,,,,,2026-07-22T19:24:02,
2026-07-17,POONAWALLA.NS,DIVERSIFIED,477.3,42062.0,67.6,62.730000000000004,SETUP_EDGE_SKIP(REGIME_CHOP_NO_BREAKOUT(TRANSITION/OTHER)),473.0,-0.9,,,,,2026-07-22T19:23:48,
2026-07-17,POLYPLEX.NS,DIVERSIFIED,1077.55,3383.0,63.5,71.115,SETUP_EDGE_SKIP(REGIME_CHOP_NO_BREAKOUT(TRANSITION/OTHER)),1115.05,3.48,,,,,2026-07-22T19:23:35,
2026-07-17,PNCINFRA.NS,INFRA,245.27,6293.0,77.5,55.45,SETUP_EDGE_SKIP(REGIME_CHOP_NO_BREAKOUT(TRANSITION/OTHER)),234.38,-4.44,,,,,2026-07-22T19:23:52,
2026-07-17,PLASTIBLEN.NS,DIVERSIFIED,198.57,0.0,59.1,49.83,"CONF_FAIL(got 49.8, need 83) | TQ_FAIL(got 59.1, need 73) | RR_FAIL(got 1.36, need 2.0)",194.41,-2.09,,,,,2026-07-22T19:23:53,
2026-07-17,PICCADIL.NS,DIVERSIFIED,729.55,7195.0,59.8,45.86,"CONF_FAIL(got 45.9, need 83) | TQ_FAIL(got 59.8, need 73) | RR_FAIL(got 1.43, need 2.0)",745.0,2.12,,,,,2026-07-22T19:23:56,
2026-07-17,PGIL.NS,TEXTILES,2041.3,9424.0,59.8,63.53,"CONF_FAIL(got 63.5, need 83) | TQ_FAIL(got 59.8, need 73) | SECTOR_RANK_TOO_LOW(rank=17>top6)",2004.5,-1.8,,,,,2026-07-22T19:23:46,
2026-07-17,PGEL.NS,DIVERSIFIED,617.65,17717.0,65.3,66.23,ROE_TOO_LOW(6.7%<10%),575.4,-6.84,,,,,2026-07-22T19:23:40,
2026-07-17,OPTIEMUS.NS,DIVERSIFIED,588.95,5227.0,57.9,47.04,ROE_TOO_LOW(9.2%<10%),615.45,4.5,,,,,2026-07-22T19:23:55,
2026-07-17,OMAXE.NS,DIVERSIFIED,93.5,1709.0,58.3,65.84,"CONF_FAIL(got 65.8, need 83) | TQ_FAIL(got 58.3, need 73) | RR_FAIL(got 1.83, need 2.0)",89.5,-4.28,,,,,2026-07-22T19:23:41,
2026-07-17,NUVOCO.NS,DIVERSIFIED,348.75,12491.0,67.2,68.07,ROE_TOO_LOW(4.0%<10%),359.7,3.14,,,,,2026-07-22T19:23:38,
2026-07-17,NILKAMAL.NS,DIVERSIFIED,1473.5,2205.0,72.0,39.89,"CONF_FAIL(got 39.9, need 83) | TQ_FAIL(got 72.0, need 73) | RR_FAIL(got 1.43, need 2.0)",1604.3,8.88,,,,,2026-07-22T19:24:02,
2026-07-17,NEWGEN.NS,DIVERSIFIED,547.55,7808.0,59.6,36.97,"CONF_FAIL(got 37.0, need 83) | TQ_FAIL(got 59.6, need 73) | RR_FAIL(got 1.75, need 2.0)",533.15,-2.63,,,,,2026-07-22T19:24:03,
2026-07-17,NEOGEN.NS,DIVERSIFIED,2175.6,5955.0,64.6,46.58,ROE_TOO_LOW(3.6%<10%),2105.2,-3.24,,,,,2026-07-22T19:23:55,
2026-07-17,NARMADA.NS,PHARMA,39.18,0.0,69.5,49.18,ROE_TOO_LOW(6.7%<10%),35.75,-8.75,,,,,2026-07-22T19:23:53,
2026-07-17,MUKANDLTD.NS,DIVERSIFIED,145.69,2112.0,70.5,29.08,"CONF_FAIL(got 29.1, need 83) | TQ_FAIL(got 70.5, need 73) | RR_FAIL(got 1.30, need 2.0)",142.5,-2.19,,,,,2026-07-22T19:24:07,
2026-07-17,MBAPL.NS,METALS,136.2,0.0,59.1,46.21,DE_TOO_HIGH(1.57>1.50),139.25,2.24,,,,,2026-07-22T19:23:56,
2026-07-17,MANAKCOAT.NS,CAPITAL_GOODS,129.08,1379.0,63.8,32.68,"CONF_FAIL(got 32.7, need 83) | TQ_FAIL(got 63.8, need 73) | RR_FAIL(got 1.73, need 2.0)",122.59,-5.03,,,,,2026-07-22T19:24:04,
2026-07-17,LXCHEM.NS,METALS,171.76,4764.0,74.5,45.68,"CONF_FAIL(got 45.7, need 83) | RR_FAIL(got 1.43, need 2.0) | SECTOR_RANK_TOO_LOW(rank=9>top6)",174.52,1.61,,,,,2026-07-22T19:23:56,
2026-07-17,LLOYDSME.NS,DIVERSIFIED,1865.4,105036.0,71.2,62.47,"CONF_FAIL(got 62.5, need 83) | TQ_FAIL(got 71.2, need 73) | RR_FAIL(got 1.51, need 2.0)",1871.7,0.34,,,,,2026-07-22T19:23:49,
2026-07-17,LANDMARK.NS,DIVERSIFIED,526.25,2189.0,60.5,32.32,"CONF_FAIL(got 32.3, need 83) | TQ_FAIL(got 60.5, need 73) | RR_FAIL(got 1.67, need 2.0)",519.25,-1.33,,,,,2026-07-22T19:24:05,
2026-07-17,KOPRAN.NS,DIVERSIFIED,203.63,982.0,63.2,65.92,ROE_TOO_LOW(4.9%<10%),201.36,-1.11,,,,,2026-07-22T19:23:41,
2026-07-17,KAMDHENU.NS,DIVERSIFIED,33.54,939.0,64.1,54.23,SETUP_EDGE_SKIP(REGIME_CHOP_NO_BREAKOUT(TRANSITION/OTHER)),33.76,0.66,,,,,2026-07-22T19:23:52,
2026-07-17,KALYANKJIL.NS,DIVERSIFIED,574.4,59283.0,57.2,44.35,"CONF_FAIL(got 44.4, need 83) | TQ_FAIL(got 57.2, need 73) | RR_FAIL(got 1.53, need 2.0)",596.1,3.78,,,,,2026-07-22T19:23:58,
2026-07-17,KABRAEXTRU.NS,DIVERSIFIED,330.7,1156.0,55.4,27.82,"CONF_FAIL(got 27.8, need 83) | TQ_FAIL(got 55.4, need 73) | RR_FAIL(got 1.69, need 2.0)",341.0,3.11,,,,,2026-07-22T19:24:09,
2026-07-17,JUSTDIAL.NS,DIVERSIFIED,767.3,6532.0,45.3,26.6,ROE_TOO_LOW(3.6%<10%),722.95,-5.78,,,,,2026-07-22T19:24:09,
2026-07-17,JUBLINGREA.NS,DIVERSIFIED,739.05,11785.0,61.3,62.81999999999999,ROE_TOO_LOW(9.5%<10%),743.75,0.64,,,,,2026-07-22T19:23:48,
2026-07-17,JINDWORLD.NS,DIVERSIFIED,32.2,3228.0,74.2,56.839999999999996,ROE_TOO_LOW(8.5%<10%),37.15,15.37,,,,,2026-07-22T19:23:52,
2026-07-17,IZMO.NS,DIVERSIFIED,1124.0,1675.0,68.5,34.03,"CONF_FAIL(got 34.0, need 83) | TQ_FAIL(got 68.5, need 73) | RR_FAIL(got 1.44, need 2.0)",1084.1,-3.55,,,,,2026-07-22T19:24:03,
2026-07-17,ITDC.NS,DIVERSIFIED,743.95,6376.0,62.7,27.284999999999997,"CONF_FAIL(got 27.3, need 83) | TQ_FAIL(got 62.7, need 73) | RR_FAIL(got 1.88, need 2.0)",750.15,0.83,,,,,2026-07-22T19:24:09,
2026-07-17,IRISDOREME.NS,CONSUMER,46.54,0.0,57.6,30.32,"CONF_FAIL(got 30.3, need 83) | TQ_FAIL(got 57.6, need 73) | RR_FAIL(got 1.88, need 2.0)",46.68,0.3,,,,,2026-07-22T19:24:05,
2026-07-17,IPCALAB.NS,PHARMA,1900.6,48192.0,62.6,67.49,"CONF_FAIL(got 67.5, need 83) | TQ_FAIL(got 62.6, need 73) | RR_FAIL(got 1.51, need 2.0)",1788.5,-5.9,,,,,2026-07-22T19:23:38,
2026-07-17,INDOBORAX.NS,CHEMICALS,465.7,1495.0,57.3,64.87,"CONF_FAIL(got 64.9, need 83) | TQ_FAIL(got 57.3, need 73) | RR_FAIL(got 1.60, need 2.0)",396.7,-14.82,,,,,2026-07-22T19:23:43,
2026-07-17,INDIANHUME.NS,DIVERSIFIED,398.05,0.0,51.5,74.63,ROE_TOO_LOW(9.9%<10%),382.1,-4.01,,,,,2026-07-22T19:23:34,
2026-07-17,INDIAGLYCO.NS,DIVERSIFIED,1159.3,7769.0,74.2,42.91,"CONF_FAIL(got 42.9, need 83) | RR_FAIL(got 1.51, need 2.0) | SECTOR_RANK_TOO_LOW(rank=10>top6)",1140.55,-1.62,,,,,2026-07-22T19:24:00,
2026-07-17,IKIO.NS,DIVERSIFIED,219.37,1686.0,61.9,45.464999999999996,"CONF_FAIL(got 45.5, need 83) | TQ_FAIL(got 61.9, need 73) | SECTOR_RANK_TOO_LOW(rank=10>top6)",212.73,-3.03,,,,,2026-07-22T19:23:57,
2026-07-17,ICICIBANK.NS,BANKING,1444.3,1036164.0,71.0,63.760000000000005,"CONF_FAIL(got 63.8, need 83) | TQ_FAIL(got 71.0, need 73) | RR_FAIL(got 1.41, need 2.0)",1440.7,-0.25,,,,,2026-07-22T19:23:46,
2026-07-17,HUHTAMAKI.NS,DIVERSIFIED,237.44,1795.0,59.4,29.46,"CONF_FAIL(got 29.5, need 83) | TQ_FAIL(got 59.4, need 73) | RR_FAIL(got 1.40, need 2.0)",291.98,22.97,,,,,2026-07-22T19:24:06,
2026-07-17,HSCL.NS,DIVERSIFIED,741.55,37412.0,63.2,65.06,"CONF_FAIL(got 65.1, need 83) | TQ_FAIL(got 63.2, need 73) | RR_FAIL(got 1.44, need 2.0)",768.25,3.6,,,,,2026-07-22T19:23:43,
2026-07-17,HIRECT.NS,DIVERSIFIED,1244.5,4284.0,56.2,63.93000000000001,"CONF_FAIL(got 63.9, need 83) | TQ_FAIL(got 56.2, need 73) | RR_FAIL(got 1.55, need 2.0)",1278.4,2.72,,,,,2026-07-22T19:23:44,
2026-07-17,HEXT.NS,DIVERSIFIED,570.2,34865.0,58.3,70.59,"CONF_FAIL(got 70.6, need 83) | TQ_FAIL(got 58.3, need 73) | RR_FAIL(got 1.77, need 2.0)",550.7,-3.42,,,,,2026-07-22T19:23:36,
2026-07-17,GNA.NS,DIVERSIFIED,567.05,2437.0,51.5,41.77,"CONF_FAIL(got 41.8, need 83) | TQ_FAIL(got 51.5, need 73) | RR_FAIL(got 1.64, need 2.0)",517.25,-8.78,,,,,2026-07-22T19:24:02,
2026-07-17,GHCLTEXTIL.NS,DIVERSIFIED,113.7,0.0,66.7,31.33,ROE_TOO_LOW(4.8%<10%),114.2,0.44,,,,,2026-07-22T19:24:05,
2026-07-17,GCSL.NS,DIVERSIFIED,525.7,1266.0,56.5,69.42,"CONF_FAIL(got 69.4, need 83) | TQ_FAIL(got 56.5, need 73) | RR_FAIL(got 1.42, need 2.0)",523.55,-0.41,,,,,2026-07-22T19:23:36,
2026-07-17,GAUDIUMIVF.NS,DIVERSIFIED,143.78,1048.0,58.4,81.01,"CONF_FAIL(got 81.0, need 83) | TQ_FAIL(got 58.4, need 73) | RR_FAIL(got 1.36, need 2.0)",158.16,10.0,,,,,2026-07-22T19:23:34,
2026-07-17,GANECOS.NS,DIVERSIFIED,1203.15,3225.0,57.5,33.16,ROE_TOO_LOW(3.1%<10%),1199.35,-0.32,,,,,2026-07-22T19:24:03,
2026-07-17,GANDHAR.NS,DIVERSIFIED,207.93,2037.0,57.7,65.295,"CONF_FAIL(got 65.3, need 83) | TQ_FAIL(got 57.7, need 73) | RR_FAIL(got 1.42, need 2.0)",236.19,13.59,,,,,2026-07-22T19:23:43,
2026-07-17,GABRIEL.NS,DIVERSIFIED,1336.6,19197.0,64.6,67.63,"CONF_FAIL(got 67.6, need 83) | TQ_FAIL(got 64.6, need 73) | RR_FAIL(got 1.67, need 2.0)",1424.6,6.58,,,,,2026-07-22T19:23:38,
2026-07-17,FLUOROCHEM.NS,DIVERSIFIED,4144.9,45550.0,71.2,64.725,ROE_TOO_LOW(7.8%<10%),4590.4,10.75,,,,,2026-07-22T19:23:43,
2026-07-17,FILATEX.NS,DIVERSIFIED,71.57,3153.0,48.6,43.27,"CONF_FAIL(got 43.3, need 83) | TQ_FAIL(got 48.6, need 73) | RR_FAIL(got 1.76, need 2.0)",71.73,0.22,,,,,2026-07-22T19:23:59,
2026-07-17,FEDERALBNK.NS,BANKING,349.0,86073.0,74.8,61.415000000000006,"CONF_FAIL(got 61.4, need 83) | RR_FAIL(got 1.41, need 2.0) | EVENT_BLOCK_RESULTS_IN_0D",353.25,1.22,,,,,2026-07-22T19:23:49,
2026-07-17,EXIDEIND.NS,DIVERSIFIED,435.2,37010.0,75.7,67.04,ROE_TOO_LOW(6.0%<10%),447.85,2.91,,,,,2026-07-22T19:23:39,
2026-07-17,EIMCOELECO.NS,DIVERSIFIED,1833.4,1057.0,63.4,68.17,"CONF_FAIL(got 68.2, need 83) | TQ_FAIL(got 63.4, need 73) | SECTOR_RANK_TOO_LOW(rank=10>top6)",1810.2,-1.27,,,,,2026-07-22T19:23:38,
2026-07-17,DIXON.NS,DIVERSIFIED,14329.0,87633.0,58.3,37.7,"CONF_FAIL(got 37.7, need 83) | TQ_FAIL(got 58.3, need 73) | RR_FAIL(got 1.44, need 2.0)",13882.0,-3.12,,,,,2026-07-22T19:24:03,
2026-07-17,DIVISLAB.NS,PHARMA,7247.5,192300.0,69.8,66.535,"CONF_FAIL(got 66.5, need 83) | TQ_FAIL(got 69.8, need 73) | RR_FAIL(got 1.41, need 2.0)",7386.5,1.92,,,,,2026-07-22T19:23:40,
2026-07-17,DBREALTY.NS,DIVERSIFIED,119.5,6478.0,70.9,64.57,"CONF_FAIL(got 64.6, need 83) | TQ_FAIL(got 70.9, need 73) | RR_FAIL(got 1.89, need 2.0)",113.99,-4.61,,,,,2026-07-22T19:23:44,
2026-07-17,DAMCAPITAL.NS,DIVERSIFIED,165.41,1170.0,58.8,55.88,"CONF_FAIL(got 55.9, need 83) | TQ_FAIL(got 58.8, need 73) | RR_FAIL(got 1.39, need 2.0)",157.61,-4.72,,,,,2026-07-22T19:23:52,
2026-07-17,CYIENTDLM.NS,DIVERSIFIED,578.65,4590.0,59.3,42.615,"CONF_FAIL(got 42.6, need 83) | TQ_FAIL(got 59.3, need 73) | RR_FAIL(got 1.63, need 2.0)",698.15,20.65,,,,,2026-07-22T19:24:01,
2026-07-17,CNL.NS,DIVERSIFIED,916.55,1374.0,56.5,65.79,"CONF_FAIL(got 65.8, need 83) | TQ_FAIL(got 56.5, need 73) | RR_FAIL(got 1.68, need 2.0)",909.55,-0.76,,,,,2026-07-22T19:23:41,
2026-07-17,CHENNPETRO.NS,DIVERSIFIED,1200.6,17875.0,67.1,64.71,SETUP_EDGE_SKIP(REGIME_CHOP_NO_BREAKOUT(TRANSITION/OTHER)),1307.8,8.93,,,,,2026-07-22T19:23:44,
2026-07-17,CENTENKA.NS,DIVERSIFIED,541.4,1183.0,67.2,68.47,ROE_TOO_LOW(7.0%<10%),558.65,3.19,,,,,2026-07-22T19:23:37,
2026-07-17,CEMPRO.NS,DIVERSIFIED,1615.0,27680.0,55.1,59.44,"CONF_FAIL(got 59.4, need 83) | TQ_FAIL(got 55.1, need 73) | RR_FAIL(got 1.82, need 2.0)",1596.6,-1.14,,,,,2026-07-22T19:23:51,
2026-07-17,BLUESTONE.NS,DIVERSIFIED,599.05,9117.0,70.3,48.495,"CONF_FAIL(got 48.5, need 83) | TQ_FAIL(got 70.3, need 73) | SECTOR_RANK_TOO_LOW(rank=10>top6)",776.05,29.55,,,,,2026-07-22T19:23:53,
2026-07-17,BLSE.NS,DIVERSIFIED,274.37,2496.0,63.0,65.47,"CONF_FAIL(got 65.5, need 83) | TQ_FAIL(got 63.0, need 73) | SECTOR_RANK_TOO_LOW(rank=10>top6)",260.09,-5.2,,,,,2026-07-22T19:23:42,
2026-07-17,BLKASHYAP.NS,DIVERSIFIED,57.92,1305.0,66.9,62.855000000000004,ROE_TOO_LOW(2.6%<10%),54.82,-5.35,,,,,2026-07-22T19:23:47,
2026-07-17,BHEL.NS,CAPITAL_GOODS,422.0,146943.0,65.5,60.83,ROE_TOO_LOW(6.2%<10%),416.45,-1.32,,,,,2026-07-22T19:23:51,
2026-07-17,BEPL.NS,DIVERSIFIED,113.1,2815.0,74.4,66.24,"CONF_FAIL(got 66.2, need 83) | RR_FAIL(got 1.39, need 2.0) | SECTOR_RANK_TOO_LOW(rank=10>top6)",120.06,6.15,,,,,2026-07-22T19:23:40,
2026-07-17,BALRAMCHIN.NS,DIVERSIFIED,604.45,12759.0,75.3,40.42,ROE_TOO_LOW(9.5%<10%),624.75,3.36,,,,,2026-07-22T19:24:02,
2026-07-17,BAJFINANCE.NS,FINANCE,1056.3,657679.0,72.2,65.51,"CONF_FAIL(got 65.5, need 83) | TQ_FAIL(got 72.2, need 73) | RR_FAIL(got 1.62, need 2.0)",1060.3,0.38,,,,,2026-07-22T19:23:42,
2026-07-17,BAJAJHCARE.NS,DIVERSIFIED,373.95,0.0,63.7,70.67,ROE_TOO_LOW(4.3%<10%),323.3,-13.54,,,,,2026-07-22T19:23:36,
2026-07-17,AURUM.NS,DIVERSIFIED,239.28,1728.0,62.8,65.7,"CONF_FAIL(got 65.7, need 83) | TQ_FAIL(got 62.8, need 73) | RR_FAIL(got 1.85, need 2.0)",227.84,-4.78,,,,,2026-07-22T19:23:42,
2026-07-17,ATHERENERG.NS,POWER_EQ,1282.2,0.0,57.1,62.03,"CONF_FAIL(got 62.0, need 83) | TQ_FAIL(got 57.1, need 73) | RR_FAIL(got 1.54, need 2.0)",1268.2,-1.09,,,,,2026-07-22T19:23:49,
2026-07-17,ARKADE.NS,DIVERSIFIED,139.66,2597.0,61.9,45.54,"CONF_FAIL(got 45.5, need 83) | TQ_FAIL(got 61.9, need 73) | RR_FAIL(got 1.38, need 2.0)",140.4,0.53,,,,,2026-07-22T19:23:57,
2026-07-17,APTUS.NS,DIVERSIFIED,306.85,15367.0,73.0,48.09,DE_TOO_HIGH(1.56>1.50),294.65,-3.98,,,,,2026-07-22T19:23:54,
2026-07-17,AMIRCHAND.NS,DIVERSIFIED,185.11,1915.0,46.2,63.459999999999994,"CONF_FAIL(got 63.5, need 83) | TQ_FAIL(got 46.2, need 73) | RR_FAIL(got 1.85, need 2.0)",183.93,-0.64,,,,,2026-07-23T19:21:17,
2026-07-17,ALGOQUANT.NS,DIVERSIFIED,64.55,1818.0,64.8,61.474999999999994,"CONF_FAIL(got 61.5, need 83) | TQ_FAIL(got 64.8, need 73) | RR_FAIL(got 1.39, need 2.0)",66.82,3.52,,,,,2026-07-22T19:23:49,
2026-07-17,AIIL.NS,DIVERSIFIED,571.0,48421.0,73.1,43.62,"CONF_FAIL(got 43.6, need 83) | RR_FAIL(got 1.42, need 2.0) | SECTOR_RANK_TOO_LOW(rank=10>top6)",542.3,-5.03,,,,,2026-07-22T19:23:58,
2026-07-17,ACUTAAS.NS,DIVERSIFIED,3619.4,29645.0,65.2,68.53,"CONF_FAIL(got 68.5, need 83) | TQ_FAIL(got 65.2, need 73) | SECTOR_RANK_TOO_LOW(rank=10>top6)",3659.6,1.11,,,,,2026-07-22T19:23:37,
2026-07-17,ACMESOLAR.NS,POWER_EQ,385.25,27212.0,69.5,65.295,DE_TOO_HIGH(3.93>1.50),369.6,-4.06,,,,,2026-07-22T19:23:42,
2026-07-17,AARTIDRUGS.NS,PHARMA,422.3,3856.0,63.6,32.7,"CONF_FAIL(got 32.7, need 83) | TQ_FAIL(got 63.6, need 73) | RR_FAIL(got 1.37, need 2.0)",412.0,-2.44,,,,,2026-07-22T19:24:04,
2026-07-17,63MOONS.NS,FINANCE,724.15,3343.0,72.9,0.0,BLACK_SWAN_NEWS,704.9,-2.66,,,,,2026-07-22T19:24:10,
2026-07-17,20MICRONS.NS,CHEMICALS,204.64,725.0,60.8,69.96,"CONF_FAIL(got 70.0, need 83) | TQ_FAIL(got 60.8, need 73) | SECTOR_RANK_TOO_LOW(rank=12>top6)",211.15,3.18,,,,,2026-07-22T19:23:36,
2026-07-16,ZYDUSWELL.NS,DIVERSIFIED,601.9,19119.0,59.6,74.35000000000001,ROE_TOO_LOW(4.0%<10%),592.25,-1.6,,,,,2026-07-21T19:21:26,
2026-07-16,WANBURY.NS,DIVERSIFIED,343.2,1201.0,59.9,27.83,"CONF_FAIL(got 27.8, need 70) | TQ_FAIL(got 59.9, need 68) | RR_FAIL(got 1.54, need 1.7)",338.4,-1.4,,,,,2026-07-21T19:21:42,
2026-07-16,UNIMECH.NS,DIVERSIFIED,1296.9,6608.0,71.0,44.245,ROE_TOO_LOW(9.0%<10%),1276.2,-1.6,,,,,2026-07-21T19:21:38,
2026-07-16,UJJIVANSFB.NS,DIVERSIFIED,65.62,0.0,62.5,44.16,"CONF_FAIL(got 44.2, need 70) | TQ_FAIL(got 62.5, need 68) | RR_FAIL(got 1.55, need 1.7)",65.63,0.02,,,,,2026-07-21T19:21:38,
2026-07-16,TTKPRESTIG.NS,DIVERSIFIED,677.7,9303.0,57.9,77.19,ROE_TOO_LOW(9.0%<10%),656.15,-3.18,,,,,2026-07-21T19:21:25,
2026-07-16,TRIVENI.NS,DIVERSIFIED,471.4,10394.0,63.7,35.83,ROE_TOO_LOW(8.7%<10%),471.5,0.02,,,,,2026-07-21T19:21:40,
2026-07-16,TFCILTD.NS,DIVERSIFIED,83.76,3879.0,63.5,65.96000000000001,ROE_TOO_LOW(9.9%<10%),83.21,-0.66,,,,,2026-07-21T19:21:32,
2026-07-16,TBZ.NS,DIVERSIFIED,256.03,1705.0,48.4,68.02,"CONF_FAIL(got 68.0, need 70) | TQ_FAIL(got 48.4, need 68) | SECTOR_RANK_TOO_LOW(rank=12>top6)",259.73,1.45,,,,,2026-07-21T19:21:30,
2026-07-16,TANLA.NS,DIVERSIFIED,588.3,7794.0,74.3,30.975,"CONF_FAIL(got 31.0, need 70) | RR_FAIL(got 1.42, need 1.7) | SECTOR_RANK_TOO_LOW(rank=12>top6)",564.55,-4.04,,,,,2026-07-21T19:21:41,
2026-07-16,SUNDRMFAST.NS,DIVERSIFIED,970.35,20397.0,62.8,73.80000000000001,"TQ_FAIL(got 62.8, need 68) | RR_FAIL(got 1.35, need 1.7) | SECTOR_RANK_TOO_LOW(rank=12>top6)",964.95,-0.56,,,,,2026-07-21T19:21:26,
2026-07-16,SUMEETINDS.NS,DIVERSIFIED,33.26,2304.0,73.1,63.92,"CONF_FAIL(got 63.9, need 70) | RR_FAIL(got 1.48, need 1.7) | SECTOR_RANK_TOO_LOW(rank=12>top6)",33.54,0.84,,,,,2026-07-21T19:21:35,
2026-07-16,SUDARSCHEM.NS,DIVERSIFIED,1068.55,8515.0,59.0,67.48,ROE_TOO_LOW(0.5%<10%),1054.6,-1.31,,,,,2026-07-21T19:21:30,
2026-07-16,STYL.NS,DIVERSIFIED,400.1,6476.0,47.1,68.59,"CONF_FAIL(got 68.6, need 70) | TQ_FAIL(got 47.1, need 68) | RR_FAIL(got 1.44, need 1.7)",371.7,-7.1,,,,,2026-07-21T19:21:28,
2026-07-16,STALLION.NS,DIVERSIFIED,212.04,0.0,65.8,65.34,ROE_TOO_LOW(8.9%<10%),245.32,15.7,,,,,2026-07-21T19:21:32,
2026-07-16,SSWL.NS,DIVERSIFIED,265.44,4181.0,74.0,44.76,"CONF_FAIL(got 44.8, need 70) | RR_FAIL(got 1.46, need 1.7) | SECTOR_RANK_TOO_LOW(rank=12>top6)",279.3,5.22,,,,,2026-07-21T19:21:37,
2026-07-16,SPORTKING.NS,DIVERSIFIED,198.51,0.0,68.2,67.815,"CONF_FAIL(got 67.8, need 70) | RR_FAIL(got 1.40, need 1.7) | SECTOR_RANK_TOO_LOW(rank=12>top6)",198.46,-0.03,,,,,2026-07-21T19:21:30,
2026-07-16,SONACOMS.NS,AUTO_ANCILLARY,683.4,42606.0,70.3,74.94,SETUP_EDGE_SKIP(REGIME_CHOP_NO_BREAKOUT(SIDEWAYS/OTHER)),732.75,7.22,,,,,2026-07-21T19:21:25,
2026-07-16,SMCGLOBAL.NS,DIVERSIFIED,81.48,1702.0,67.3,53.37,ROE_TOO_LOW(8.1%<10%),79.08,-2.95,,,,,2026-07-21T19:21:37,
2026-07-16,SKMEGGPROD.NS,DIVERSIFIED,331.2,1742.0,45.6,63.66,"CONF_FAIL(got 63.7, need 70) | TQ_FAIL(got 45.6, need 68) | SECTOR_RANK_TOO_LOW(rank=12>top6)",313.7,-5.28,,,,,2026-07-21T19:21:35,
2026-07-16,SHYAMMETL.NS,DIVERSIFIED,1040.5,29039.0,70.2,69.8,ROE_TOO_LOW(9.7%<10%),1062.65,2.13,,,,,2026-07-21T19:21:27,
2026-07-16,SHREEJISPG.NS,DIVERSIFIED,595.65,9699.0,59.6,81.55,"TQ_FAIL(got 59.6, need 68) | RR_FAIL(got 1.43, need 1.7) | SECTOR_RANK_TOO_LOW(rank=12>top6)",612.15,2.77,,,,,2026-07-21T19:21:25,
2026-07-16,SHOPERSTOP.NS,DIVERSIFIED,401.35,4423.0,64.1,64.575,DE_TOO_HIGH(11.40>1.50),386.35,-3.74,,,,,2026-07-21T19:21:34,
2026-07-16,SHANKARA.NS,DIVERSIFIED,138.83,337.0,71.7,39.865,MARKET_CAP_LOW_₹337Cr_(min_₹500Cr),138.41,-0.3,,,,,2026-07-21T19:21:40,
2026-07-16,SENORES.NS,DIVERSIFIED,1452.9,6700.0,62.3,68.58,"CONF_FAIL(got 68.6, need 70) | TQ_FAIL(got 62.3, need 68) | RR_FAIL(got 1.68, need 1.7)",1404.0,-3.37,,,,,2026-07-21T19:21:28,
2026-07-16,SATIN.NS,DIVERSIFIED,266.14,2940.0,69.1,68.92,DE_TOO_HIGH(3.83>1.50),258.46,-2.89,,,,,2026-07-21T19:21:28,
2026-07-16,SANGAMIND.NS,DIVERSIFIED,628.35,3159.0,61.4,67.15,ROE_TOO_LOW(8.4%<10%),618.95,-1.5,,,,,2026-07-21T19:21:31,
2026-07-16,SAKSOFT.NS,IT,181.88,2411.0,65.5,54.26,"CONF_FAIL(got 54.3, need 70) | TQ_FAIL(got 65.5, need 68) | INSTITUTIONAL_EXIT",173.17,-4.79,,,,,2026-07-21T19:21:36,
2026-07-16,SAKAR.NS,DIVERSIFIED,896.95,1996.0,72.8,45.305,ROE_TOO_LOW(10.0%<10%),878.75,-2.03,,,,,2026-07-21T19:21:37,
2026-07-16,RRKABEL.NS,DIVERSIFIED,2403.9,27192.0,70.7,66.2,"CONF_FAIL(got 66.2, need 70) | SECTOR_RANK_TOO_LOW(rank=12>top6)",2345.4,-2.43,,,,,2026-07-21T19:21:31,
2026-07-16,ROLEXRINGS.NS,DIVERSIFIED,155.51,0.0,69.5,68.45,"CONF_FAIL(got 68.5, need 70) | RR_FAIL(got 1.42, need 1.7) | SECTOR_RANK_TOO_LOW(rank=12>top6)",150.86,-2.99,,,,,2026-07-21T19:21:29,
2026-07-16,RITCO.NS,DIVERSIFIED,271.55,777.0,74.3,64.06,"CONF_FAIL(got 64.1, need 70) | SECTOR_RANK_TOO_LOW(rank=12>top6)",279.8,3.04,,,,,2026-07-21T19:21:34,
2026-07-16,RAIN.NS,DIVERSIFIED,213.64,7190.0,67.9,64.74000000000001,ROE_TOO_LOW(0.6%<10%),223.4,4.57,,,,,2026-07-21T19:21:33,
2026-07-16,PSPPROJECT.NS,DIVERSIFIED,1081.4,4294.0,59.4,57.79,ROE_TOO_LOW(4.5%<10%),1077.4,-0.37,,,,,2026-07-21T19:21:55,
2026-07-16,PPAP.NS,DIVERSIFIED,328.54,465.0,45.7,20.32,MARKET_CAP_LOW_₹465Cr_(min_₹500Cr),302.91,-7.8,,,,,2026-07-21T19:22:19,
2026-07-16,POLYMED.NS,PHARMA,1715.6,17396.0,63.9,61.03,REGIME_NO_BUY,1695.9,-1.15,,,,,2026-07-21T19:21:47,
2026-07-16,PLASTIBLEN.NS,DIVERSIFIED,202.33,0.0,67.5,63.56,"CONF_FAIL(got 63.6, need 70) | TQ_FAIL(got 67.5, need 68) | RR_FAIL(got 1.36, need 1.7)",197.84,-2.22,,,,,2026-07-21T19:21:35,
2026-07-16,PICCADIL.NS,DIVERSIFIED,727.65,7172.0,55.5,32.8,REGIME_NO_BUY,753.95,3.61,,,,,2026-07-21T19:22:14,
2026-07-16,PHOENIXLTD.NS,REALTY,2132.4,76272.0,64.6,59.06,REGIME_NO_BUY,2091.2,-1.93,,,,,2026-07-21T19:21:50,
2026-07-16,PGIL.NS,TEXTILES,2038.6,9410.0,68.1,59.075,REGIME_NO_BUY,2047.8,0.45,,,,,2026-07-21T19:21:49,
2026-07-16,PGEL.NS,DIVERSIFIED,599.75,17233.0,73.6,37.88,ROE_TOO_LOW(6.7%<10%),610.15,1.73,,,,,2026-07-21T19:22:12,
2026-07-16,PDSL.NS,DIVERSIFIED,377.2,5339.0,67.1,55.135,REGIME_NO_BUY,364.8,-3.29,,,,,2026-07-21T19:22:02,
2026-07-16,PAYTM.NS,FINANCE,1368.0,87611.0,62.4,57.43,ROE_TOO_LOW(4.7%<10%),1300.5,-4.93,,,,,2026-07-21T19:21:55,
2026-07-16,PARKHOTELS.NS,DIVERSIFIED,129.67,2767.0,63.7,54.69,ROE_TOO_LOW(5.1%<10%),128.02,-1.27,,,,,2026-07-21T19:22:02,
2026-07-16,PARKHOSPS.NS,DIVERSIFIED,291.05,12582.0,70.9,57.39,REGIME_NO_BUY,270.7,-6.99,,,,,2026-07-21T19:21:57,
2026-07-16,PAISALO.NS,DIVERSIFIED,72.03,6553.0,68.8,29.46,DE_TOO_HIGH(2.43>1.50),72.18,0.21,,,,,2026-07-21T19:22:16,
2026-07-16,OPTIEMUS.NS,DIVERSIFIED,565.85,5021.0,53.5,57.239999999999995,ROE_TOO_LOW(9.2%<10%),605.35,6.98,,,,,2026-07-21T19:21:58,
2026-07-16,ONWARDTEC.NS,DIVERSIFIED,288.2,640.0,78.4,25.705000000000002,"CONF_FAIL(got 25.7, need 70) | SECTOR_RANK_TOO_LOW(rank=12>top6) | INSTITUTIONAL_EXIT",292.15,1.37,,,,,2026-07-21T19:21:42,
2026-07-16,OMAXE.NS,DIVERSIFIED,96.94,1774.0,55.8,16.12,REGIME_NO_BUY,92.74,-4.33,,,,,2026-07-21T19:22:23,
2026-07-16,OFSS.NS,IT,11625.0,101191.0,70.5,65.56,REGIME_NO_BUY,11632.0,0.06,,,,,2026-07-21T19:21:44,
2026-07-16,NYKAA.NS,CONSUMER,329.1,94323.0,58.9,57.11,REGIME_NO_BUY,327.95,-0.35,,,,,2026-07-21T19:21:58,
2026-07-16,NUVOCO.NS,DIVERSIFIED,377.25,13470.0,66.5,18.45,REGIME_NO_BUY,361.6,-4.15,,,,,2026-07-21T19:22:21,
2026-07-16,NUVAMA.NS,DIVERSIFIED,1919.3,35001.0,60.4,58.959999999999994,DE_TOO_HIGH(2.82>1.50),1891.6,-1.44,,,,,2026-07-21T19:21:50,
2026-07-16,NEWGEN.NS,DIVERSIFIED,541.95,7701.0,61.6,41.32,"CONF_FAIL(got 41.3, need 70) | TQ_FAIL(got 61.6, need 68) | RR_FAIL(got 1.69, need 1.7)",546.3,0.8,,,,,2026-07-21T19:21:39,
2026-07-16,NEOGEN.NS,DIVERSIFIED,2272.2,6217.0,69.6,31.57,REGIME_NO_BUY,2155.3,-5.14,,,,,2026-07-21T19:22:16,
2026-07-16,NAVNETEDUL.NS,DIVERSIFIED,150.45,3321.0,75.1,61.375,ROE_TOO_LOW(8.0%<10%),146.19,-2.83,,,,,2026-07-21T19:21:47,
2026-07-16,NAVKARCORP.NS,LOGISTICS,116.09,1744.0,72.7,53.45,ROE_TOO_LOW(6.2%<10%),104.03,-10.39,,,,,2026-07-21T19:22:04,
2026-07-16,MUTHOOTMF.NS,DIVERSIFIED,245.54,0.0,61.5,54.25,ROE_TOO_LOW(6.2%<10%),254.3,3.57,,,,,2026-07-21T19:22:03,
2026-07-16,MUKANDLTD.NS,DIVERSIFIED,146.2,2120.0,72.3,31.83,"CONF_FAIL(got 31.8, need 70) | RR_FAIL(got 1.30, need 1.7) | SECTOR_RANK_TOO_LOW(rank=12>top6)",145.88,-0.22,,,,,2026-07-21T19:21:41,
2026-07-16,MOSCHIP.NS,DIVERSIFIED,247.98,4823.0,68.4,20.33,REGIME_NO_BUY,245.28,-1.09,,,,,2026-07-21T19:22:18,
2026-07-16,MOREPENLAB.NS,PHARMA,61.24,3354.0,69.2,36.13,REGIME_NO_BUY,56.82,-7.22,,,,,2026-07-21T19:22:12,
2026-07-16,MOBIKWIK.NS,DIVERSIFIED,224.59,1770.0,66.1,19.02,REGIME_NO_BUY,208.66,-7.09,,,,,2026-07-21T19:22:20,
2026-07-16,METROPOLIS.NS,DIVERSIFIED,571.65,11858.0,76.8,64.04,REGIME_NO_BUY,568.8,-0.5,,,,,2026-07-21T19:21:45,
2026-07-16,MBAPL.NS,METALS,126.55,0.0,63.9,32.49,DE_TOO_HIGH(1.57>1.50),143.75,13.59,,,,,2026-07-21T19:22:15,
2026-07-16,MARKSANS.NS,HEALTHCARE,275.75,12501.0,75.1,58.85499999999999,REGIME_NO_BUY,260.3,-5.6,,,,,2026-07-21T19:21:51,
2026-07-16,MANAKCOAT.NS,CAPITAL_GOODS,124.65,1328.0,68.4,34.93,"CONF_FAIL(got 34.9, need 70) | SECTOR_RANK_TOO_LOW(rank=8>top6)",123.19,-1.17,,,,,2026-07-21T19:21:40,
2026-07-16,LXCHEM.NS,METALS,168.82,4658.0,74.7,32.92,ROE_TOO_LOW(4.1%<10%),181.53,7.53,,,,,2026-07-21T19:22:14,
2026-07-16,LODHA.NS,REALTY,1162.4,115716.0,53.8,18.89,REGIME_NO_BUY,1198.95,3.14,,,,,2026-07-21T19:22:21,
2026-07-16,LLOYDSENT.NS,METALS,79.71,12160.0,75.9,40.95,REGIME_NO_BUY,81.49,2.23,,,,,2026-07-21T19:22:11,
2026-07-16,LLOYDSENGG.NS,CAPITAL_GOODS,89.06,13034.0,66.4,57.78,REGIME_NO_BUY,91.17,2.37,,,,,2026-07-21T19:21:55,
2026-07-16,LANDMARK.NS,CONSUMER,514.25,2098.0,63.5,18.75,REGIME_NO_BUY,532.2,3.49,,,,,2026-07-21T19:22:21,
2026-07-16,KOPRAN.NS,DIVERSIFIED,204.0,984.0,63.0,59.10499999999999,ROE_TOO_LOW(4.9%<10%),204.01,0.0,,,,,2026-07-21T19:21:49,
2026-07-16,KMEW.NS,DIVERSIFIED,2448.5,6031.0,56.8,57.26,REGIME_NO_BUY,2451.8,0.13,,,,,2026-07-21T19:21:58,
2026-07-16,KIRLOSENG.NS,CAPITAL_GOODS,2414.2,35130.0,52.5,40.12,DE_TOO_HIGH(1.55>1.50),2221.7,-7.97,,,,,2026-07-21T19:22:11,
2026-07-16,KALYANKJIL.NS,DIVERSIFIED,548.1,56599.0,50.9,20.105,REGIME_NO_BUY,577.0,5.27,,,,,2026-07-21T19:22:20,
2026-07-16,KAJARIACER.NS,DIVERSIFIED,1237.0,19704.0,76.9,63.97,REGIME_NO_BUY,1229.3,-0.62,,,,,2026-07-21T19:21:46,
2026-07-16,KABRAEXTRU.NS,DIVERSIFIED,324.05,1135.0,46.5,16.76,REGIME_NO_BUY,359.3,10.88,,,,,2026-07-21T19:22:23,
2026-07-16,JUSTDIAL.NS,DIVERSIFIED,804.05,6837.0,50.4,17.97,REGIME_NO_BUY,743.4,-7.54,,,,,2026-07-21T19:22:22,
2026-07-16,JUBLINGREA.NS,DIVERSIFIED,736.7,11703.0,63.1,34.55,REGIME_NO_BUY,763.8,3.68,,,,,2026-07-21T19:22:12,
2026-07-16,JSFB.NS,FINANCE,497.7,0.0,71.6,58.14,ROE_TOO_LOW(7.6%<10%),561.6,12.84,,,,,2026-07-21T19:21:36,
2026-07-16,JNKINDIA.NS,DIVERSIFIED,545.95,3056.0,61.2,62.68000000000001,REGIME_NO_BUY,480.35,-12.02,,,,,2026-07-21T19:21:46,
2026-07-16,JINDWORLD.NS,CONSUMER,32.06,3214.0,74.7,62.25,ROE_TOO_LOW(8.5%<10%),37.64,17.4,,,,,2026-07-21T19:21:36,
2026-07-16,JBCHEPHARM.NS,DIVERSIFIED,2506.0,40248.0,78.4,70.04,REGIME_NO_BUY,2408.9,-3.87,,,,,2026-07-22T19:24:10,
2026-07-16,JAYBARMARU.NS,DIVERSIFIED,189.23,2051.0,42.4,34.14,REGIME_NO_BUY,171.72,-9.25,,,,,2026-07-21T19:22:13,
2026-07-16,IZMO.NS,IT,1119.5,1668.0,58.7,69.01,"CONF_FAIL(got 69.0, need 70) | TQ_FAIL(got 58.7, need 68) | RR_FAIL(got 1.44, need 1.7)",1103.8,-1.4,,,,,2026-07-21T19:21:27,
2026-07-16,IVALUE.NS,DIVERSIFIED,313.15,1710.0,54.8,58.06,REGIME_NO_BUY,290.8,-7.14,,,,,2026-07-21T19:21:54,
2026-07-16,ITDC.NS,CONSUMER,755.25,6494.0,58.1,27.92,"CONF_FAIL(got 27.9, need 70) | TQ_FAIL(got 58.1, need 68) | INSTITUTIONAL_EXIT",757.4,0.28,,,,,2026-07-21T19:21:42,
2026-07-16,ITCHOTELS.NS,DIVERSIFIED,183.49,38214.0,61.1,57.28,ROE_TOO_LOW(7.9%<10%),164.37,-10.42,,,,,2026-07-21T19:21:57,
2026-07-16,IRISDOREME.NS,DIVERSIFIED,45.52,0.0,67.8,53.28,REGIME_NO_BUY,46.03,1.12,,,,,2026-07-21T19:22:05,
2026-07-16,IPCALAB.NS,PHARMA,1878.0,47655.0,73.0,40.15,REGIME_NO_BUY,1799.0,-4.21,,,,,2026-07-21T19:22:11,
2026-07-16,IONEXCHANG.NS,DIVERSIFIED,444.2,6516.0,59.8,55.77,REGIME_NO_BUY,437.7,-1.46,,,,,2026-07-21T19:22:01,
2026-07-16,INDOSTAR.NS,DIVERSIFIED,270.95,4360.0,69.0,57.02,REGIME_NO_BUY,270.6,-0.13,,,,,2026-07-21T19:21:59,
2026-07-16,INDOFARM.NS,DIVERSIFIED,162.29,779.0,70.7,14.629999999999999,REGIME_NO_BUY,161.87,-0.26,,,,,2026-07-21T19:22:24,
2026-07-16,INDOBORAX.NS,CHEMICALS,450.65,1446.0,54.2,51.19,REGIME_NO_BUY,430.1,-4.56,,,,,2026-07-21T19:22:06,
2026-07-16,INDIANHUME.NS,DIVERSIFIED,414.3,0.0,59.5,65.81,ROE_TOO_LOW(9.9%<10%),394.75,-4.72,,,,,2026-07-21T19:21:44,
2026-07-16,INDIAGLYCO.NS,DIVERSIFIED,1137.35,7628.0,73.5,33.27,REGIME_NO_BUY,1153.95,1.46,,,,,2026-07-21T19:22:13,
2026-07-16,IKIO.NS,DIVERSIFIED,215.66,1665.0,42.4,33.225,REGIME_NO_BUY,216.5,0.39,,,,,2026-07-21T19:22:14,
2026-07-16,IIFL.NS,FINANCE,567.1,24122.0,72.2,66.62,"CONF_FAIL(got 66.6, need 70) | RR_FAIL(got 1.52, need 1.7) | SECTOR_RANK_TOO_LOW(rank=14>top6)",571.8,0.83,,,,,2026-07-21T19:21:31,
2026-07-16,IFBIND.NS,DIVERSIFIED,1376.2,5580.0,65.0,56.37,REGIME_NO_BUY,1355.0,-1.54,,,,,2026-07-21T19:22:00,
2026-07-16,IBULLSLTD.NS,DIVERSIFIED,31.59,7319.0,41.7,59.81,REGIME_NO_BUY,28.96,-8.33,,,,,2026-07-21T19:21:49,
2026-07-16,HUHTAMAKI.NS,CONSUMER,232.69,1758.0,67.8,31.43,"CONF_FAIL(got 31.4, need 70) | TQ_FAIL(got 67.8, need 68) | RR_FAIL(got 1.39, need 1.7)",264.19,13.54,,,,,2026-07-21T19:21:41,
2026-07-16,HLEGLAS.NS,DIVERSIFIED,418.65,2897.0,66.3,50.74,REGIME_NO_BUY,437.9,4.6,,,,,2026-07-21T19:22:07,
2026-07-16,HIRECT.NS,CAPITAL_GOODS,1288.3,4436.0,68.3,43.88,"CONF_FAIL(got 43.9, need 70) | RR_FAIL(got 1.50, need 1.7) | SECTOR_RANK_TOO_LOW(rank=8>top6)",1308.6,1.58,,,,,2026-07-21T19:21:38,
2026-07-16,HIKAL.NS,DIVERSIFIED,240.8,2971.0,69.4,54.85,REGIME_NO_BUY,224.74,-6.67,,,,,2026-07-21T19:22:02,
2026-07-16,HFCL.NS,DIVERSIFIED,223.08,34198.0,68.0,20.18,ROE_TOO_LOW(7.0%<10%),217.97,-2.29,,,,,2026-07-21T19:22:19,
2026-07-16,HEXT.NS,DIVERSIFIED,564.4,34455.0,59.9,65.74,REGIME_NO_BUY,560.05,-0.77,,,,,2026-07-21T19:21:44,
2026-07-16,GROWW.NS,DIVERSIFIED,216.33,135677.0,73.0,15.030000000000001,REGIME_NO_BUY,206.36,-4.61,,,,,2026-07-21T19:22:24,
2026-07-16,GREAVESCOT.NS,DIVERSIFIED,257.68,6005.0,38.3,58.83500000000001,ROE_TOO_LOW(8.1%<10%),248.11,-3.71,,,,,2026-07-21T19:21:51,
2026-07-16,GRAVITA.NS,DIVERSIFIED,1840.2,13593.0,61.9,56.870000000000005,REGIME_NO_BUY,1804.5,-1.94,,,,,2026-07-21T19:21:59,
2026-07-16,GRANULES.NS,PHARMA,898.05,22257.0,64.9,54.085,REGIME_NO_BUY,875.7,-2.49,,,,,2026-07-21T19:22:04,
2026-07-16,GOODLUCK.NS,DIVERSIFIED,1573.0,5226.0,63.9,60.754999999999995,REGIME_NO_BUY,1554.1,-1.2,,,,,2026-07-21T19:21:48,
2026-07-16,GODREJPROP.NS,REALTY,2104.4,63342.0,65.2,56.45,ROE_TOO_LOW(8.8%<10%),2164.3,2.85,,,,,2026-07-21T19:22:00,
2026-07-16,GODREJIND.NS,DIVERSIFIED,1379.4,46363.0,53.7,53.24,DE_TOO_HIGH(2.22>1.50),1380.5,0.08,,,,,2026-07-21T19:22:05,
2026-07-16,GNA.NS,DIVERSIFIED,549.9,2357.0,38.7,56.75,REGIME_NO_BUY,509.8,-7.29,,,,,2026-07-21T19:22:00,
2026-07-16,GLENMARK.NS,PHARMA,2297.4,64822.0,71.7,58.31999999999999,REGIME_NO_BUY,2242.1,-2.41,,,,,2026-07-21T19:21:53,
2026-07-16,GLAXO.NS,DIVERSIFIED,2483.7,42073.0,59.1,65.88,REGIME_NO_BUY,2506.6,0.92,,,,,2026-07-21T19:21:43,
2026-07-16,GHCLTEXTIL.NS,DIVERSIFIED,112.33,0.0,64.7,18.38,REGIME_NO_BUY,117.25,4.38,,,,,2026-07-21T19:22:22,
2026-07-16,GCSL.NS,DIVERSIFIED,502.95,1215.0,58.1,64.97,REGIME_NO_BUY,513.8,2.16,,,,,2026-07-21T19:21:45,
2026-07-16,GANECOS.NS,DIVERSIFIED,1188.3,3183.0,64.8,20.43,REGIME_NO_BUY,1237.95,4.18,,,,,2026-07-21T19:22:18,
2026-07-16,GANDHAR.NS,DIVERSIFIED,206.82,2022.0,54.5,58.91,REGIME_NO_BUY,227.17,9.84,,,,,2026-07-21T19:21:51,
2026-07-16,GABRIEL.NS,DIVERSIFIED,1354.5,19458.0,66.6,52.165,REGIME_NO_BUY,1488.5,9.89,,,,,2026-07-21T19:22:05,
2026-07-16,FUSION.NS,DIVERSIFIED,228.12,0.0,55.9,17.445,ROE_TOO_LOW(0.7%<10%),227.77,-0.15,,,,,2026-07-21T19:22:22,
2026-07-16,FSL.NS,DIVERSIFIED,261.84,18509.0,57.9,44.39,REGIME_NO_BUY,266.05,1.61,,,,,2026-07-21T19:22:08,
2026-07-16,FLUOROCHEM.NS,DIVERSIFIED,4131.6,45440.0,72.9,42.48,ROE_TOO_LOW(7.8%<10%),4607.1,11.51,,,,,2026-07-21T19:22:10,
2026-07-16,FILATEX.NS,DIVERSIFIED,70.34,3121.0,51.1,31.630000000000003,REGIME_NO_BUY,71.3,1.36,,,,,2026-07-21T19:22:15,
2026-07-16,FEDDERSHOL.NS,DIVERSIFIED,44.77,901.0,58.6,51.94,REGIME_NO_BUY,51.86,15.84,,,,,2026-07-21T19:22:06,
2026-07-16,ETERNAL.NS,CONSUMER,294.8,284691.0,68.2,58.58,ROE_TOO_LOW(1.2%<10%),286.6,-2.78,,,,,2026-07-21T19:21:52,
2026-07-16,EMSLIMITED.NS,CAPITAL_GOODS,440.35,2448.0,52.4,57.33,ROE_TOO_LOW(8.9%<10%),421.75,-4.22,,,,,2026-07-21T19:21:57,
2026-07-16,EIMCOELECO.NS,CAPITAL_GOODS,1872.4,1081.0,63.2,69.13,"CONF_FAIL(got 69.1, need 70) | TQ_FAIL(got 63.2, need 68) | SECTOR_RANK_TOO_LOW(rank=8>top6)",1811.8,-3.24,,,,,2026-07-21T19:21:27,
2026-07-16,EIHOTEL.NS,DIVERSIFIED,339.0,21140.0,62.9,58.269999999999996,REGIME_NO_BUY,335.25,-1.11,,,,,2026-07-21T19:21:53,
2026-07-16,DIXON.NS,DIVERSIFIED,13651.0,83445.0,61.1,58.27000000000001,REGIME_NO_BUY,14118.0,3.42,,,,,2026-07-21T19:21:53,
2026-07-16,DIVISLAB.NS,PHARMA,7273.0,193164.0,74.0,54.39,REGIME_NO_BUY,7330.0,0.78,,,,,2026-07-21T19:22:03,
2026-07-16,DDEVPLSTIK.NS,DIVERSIFIED,291.35,0.0,60.5,55.27,REGIME_NO_BUY,286.55,-1.65,,,,,2026-07-21T19:22:01,
2026-07-16,DAMCAPITAL.NS,FINANCE,170.49,1208.0,69.6,43.81,"CONF_FAIL(got 43.8, need 70) | RR_FAIL(got 1.39, need 1.7) | SECTOR_RANK_TOO_LOW(rank=14>top6)",162.78,-4.52,,,,,2026-07-21T19:21:39,
2026-07-16,CYIENTDLM.NS,DIVERSIFIED,538.5,4283.0,59.4,45.38,ROE_TOO_LOW(7.5%<10%),623.0,15.69,,,,,2026-07-21T19:22:08,
2026-07-16,CUPID.NS,DIVERSIFIED,219.66,29526.0,41.5,31.72,REGIME_NO_BUY,211.25,-3.83,,,,,2026-07-21T19:22:15,
2026-07-16,CPPLUS.NS,CAPITAL_GOODS,3800.0,44687.0,63.7,65.78,"CONF_FAIL(got 65.8, need 70) | TQ_FAIL(got 63.7, need 68) | SECTOR_RANK_TOO_LOW(rank=8>top6)",3491.2,-8.13,,,,,2026-07-21T19:21:32,
2026-07-16,CNL.NS,DIVERSIFIED,903.95,1356.0,58.2,53.905,REGIME_NO_BUY,948.75,4.96,,,,,2026-07-21T19:22:04,
2026-07-16,CHOICEIN.NS,DIVERSIFIED,817.65,18215.0,61.3,56.84,REGIME_NO_BUY,816.9,-0.09,,,,,2026-07-21T19:21:59,
2026-07-16,CHENNPETRO.NS,ENERGY,1240.8,18474.0,74.3,68.45,"CONF_FAIL(got 68.5, need 70) | RR_FAIL(got 1.45, need 1.7) | SECTOR_RANK_TOO_LOW(rank=10>top6)",1258.1,1.39,,,,,2026-07-21T19:21:29,
2026-07-16,CGCL.NS,DIVERSIFIED,258.21,24836.0,54.4,58.67,DE_TOO_HIGH(3.35>1.50),249.64,-3.32,,,,,2026-07-21T19:21:52,
2026-07-16,CENTENKA.NS,DIVERSIFIED,549.85,1203.0,72.6,28.259999999999998,REGIME_NO_BUY,544.35,-1.0,,,,,2026-07-21T19:22:17,
2026-07-16,CEMPRO.NS,DIVERSIFIED,1601.4,27466.0,42.4,46.19,REGIME_NO_BUY,1639.6,2.39,,,,,2026-07-21T19:22:07,
2026-07-16,CDSL.NS,DIVERSIFIED,1440.1,30098.0,69.8,62.709999999999994,REGIME_NO_BUY,1364.9,-5.22,,,,,2026-07-21T19:21:46,
2026-07-16,CAPLIPOINT.NS,DIVERSIFIED,2648.1,20131.0,62.3,64.65,REGIME_NO_BUY,2608.0,-1.51,,,,,2026-07-21T19:21:45,
2026-07-16,BUILDPRO.NS,INFRA,1268.6,3081.0,58.7,21.355,REGIME_NO_BUY,1235.4,-2.62,,,,,2026-07-21T19:22:18,
2026-07-16,BLUSPRING.NS,DIVERSIFIED,116.67,1739.0,63.9,63.599999999999994,REGIME_NO_BUY,108.1,-7.35,,,,,2026-07-21T19:21:46,
2026-07-16,BLUESTONE.NS,DIVERSIFIED,626.3,9581.0,67.9,34.04,REGIME_NO_BUY,728.65,16.34,,,,,2026-07-21T19:22:13,
2026-07-16,BLUEJET.NS,PHARMA,598.55,11329.0,58.0,47.69,REGIME_NO_BUY,589.5,-1.51,,,,,2026-07-21T19:22:07,
2026-07-16,BLSE.NS,DIVERSIFIED,274.37,2500.0,56.4,15.36,REGIME_NO_BUY,268.45,-2.16,,,,,2026-07-21T19:22:23,
2026-07-16,BLKASHYAP.NS,DIVERSIFIED,60.93,1378.0,74.8,50.97,REGIME_NO_BUY,56.39,-7.45,,,,,2026-07-21T19:22:06,
2026-07-16,BHEL.NS,CAPITAL_GOODS,417.95,145515.0,70.2,43.93,ROE_TOO_LOW(6.2%<10%),413.3,-1.11,,,,,2026-07-21T19:22:09,
2026-07-16,BHARATSE.NS,DIVERSIFIED,243.7,0.0,63.5,58.49000000000001,REGIME_NO_BUY,221.49,-9.11,,,,,2026-07-21T19:21:52,
2026-07-16,BFINVEST.NS,FINANCE,476.5,1792.0,61.3,60.11,ROE_TOO_LOW(3.6%<10%),467.85,-1.82,,,,,2026-07-21T19:21:48,
2026-07-16,BEPL.NS,DIVERSIFIED,106.41,2653.0,72.5,41.84,REGIME_NO_BUY,123.44,16.0,,,,,2026-07-21T19:22:10,
2026-07-16,BALAMINES.NS,DIVERSIFIED,2314.2,7493.0,57.9,20.14,ROE_TOO_LOW(8.7%<10%),2366.5,2.26,,,,,2026-07-21T19:22:19,
2026-07-16,BAJAJHCARE.NS,DIVERSIFIED,363.55,0.0,66.1,68.05,ROE_TOO_LOW(4.3%<10%),369.35,1.6,,,,,2026-07-21T19:21:43,
2026-07-16,AZAD.NS,DIVERSIFIED,2351.8,15173.0,63.4,56.3,ROE_TOO_LOW(9.1%<10%),2378.6,1.14,,,,,2026-07-21T19:22:00,
2026-07-16,AURUM.NS,DIVERSIFIED,250.82,1809.0,64.7,54.1,REGIME_NO_BUY,228.33,-8.97,,,,,2026-07-21T19:22:04,
2026-07-16,ATHERENERG.NS,POWER_EQ,1296.4,0.0,66.0,30.0,REGIME_NO_BUY,1288.4,-0.62,,,,,2026-07-21T19:22:16,
2026-07-16,ARKADE.NS,DIVERSIFIED,138.74,2571.0,61.8,57.655,REGIME_NO_BUY,137.13,-1.16,,,,,2026-07-21T19:21:55,
2026-07-16,APTUS.NS,FINANCE,299.95,15016.0,72.6,69.95,"CONF_FAIL(got 70.0, need 70) | RR_FAIL(got 1.43, need 1.7) | SECTOR_RANK_TOO_LOW(rank=14>top6)",301.05,0.37,,,,,2026-07-21T19:21:26,
2026-07-16,APLLTD.NS,DIVERSIFIED,850.05,16712.0,73.1,58.965,REGIME_NO_BUY,833.6,-1.94,,,,,2026-07-21T19:21:50,
2026-07-16,AMAGI.NS,IT,598.95,12913.0,66.0,64.45,"CONF_FAIL(got 64.5, need 70) | TQ_FAIL(got 66.0, need 68) | SUSPECT_PUMP_LOW_DELIVERY",590.9,-1.34,,,,,2026-07-21T19:21:34,
2026-07-16,ALGOQUANT.NS,FINANCE,65.14,1838.0,74.3,64.645,"CONF_FAIL(got 64.6, need 70) | RR_FAIL(got 1.39, need 1.7) | SECTOR_RANK_TOO_LOW(rank=14>top6)",65.15,0.02,,,,,2026-07-21T19:21:33,
2026-07-16,AKUMS.NS,DIVERSIFIED,692.1,10892.0,56.1,21.595,REGIME_NO_BUY,695.05,0.43,,,,,2026-07-21T19:22:17,
2026-07-16,AJANTPHARM.NS,DIVERSIFIED,3454.2,43084.0,67.7,58.19,REGIME_NO_BUY,3575.3,3.51,,,,,2026-07-21T19:21:54,
2026-07-16,AIAENG.NS,DIVERSIFIED,4828.5,45082.0,74.1,60.72,REGIME_NO_BUY,4681.5,-3.04,,,,,2026-07-21T19:21:48,
2026-07-16,AETHER.NS,DIVERSIFIED,1477.2,19624.0,53.2,55.88,ROE_TOO_LOW(9.7%<10%),1449.7,-1.86,,,,,2026-07-21T19:22:01,
2026-07-16,AEGISLOG.NS,LOGISTICS,1321.1,46450.0,44.3,21.605,REGIME_NO_BUY,1313.5,-0.58,,,,,2026-07-21T19:22:17,
2026-07-16,ACMESOLAR.NS,POWER_EQ,392.15,27724.0,71.1,60.349999999999994,DE_TOO_HIGH(3.93>1.50),373.1,-4.86,,,,,2026-07-21T19:21:48,
2026-07-16,ABB.NS,CAPITAL_GOODS,7667.5,162513.0,71.9,65.13,"CONF_FAIL(got 65.1, need 70) | RR_FAIL(got 1.43, need 1.7) | SECTOR_RANK_TOO_LOW(rank=8>top6)",7532.0,-1.77,,,,,2026-07-21T19:21:33,
2026-07-16,AARTIDRUGS.NS,PHARMA,421.6,3838.0,73.5,19.9,REGIME_NO_BUY,426.9,1.26,,,,,2026-07-21T19:22:20,
